source,Comprehensive Analyst,General Descriptive Profile,Historically Focused,Technique & Style Focused,Theory & Comparison Focused
Qwen-2.5-VL-7B,81.48148148148148,18.51851851851852,0.0,0.0,0.0
google_gemini-2.5pro,51.85185185185185,27.77777777777778,0.9259259259259258,0.0,19.444444444444446
human_expert,28.22085889570552,36.19631901840491,27.607361963190186,0.0,7.975460122699387
meta-llama_Llama-3.1-8B-Instruct,31.48148148148148,60.18518518518518,3.7037037037037033,0.0,4.62962962962963
meta-llama_Llama-4-Scout-17B-16E-Instruct,85.18518518518519,8.333333333333332,3.7037037037037033,1.8518518518518516,0.9259259259259258
