source,profile_score_comprehensive_analyst,profile_score_historically_focused,profile_score_technique_style_focused,profile_score_theory_comparison_focused,profile_score_general_descriptive
Qwen-2.5-VL-7B,0.7783469855558373,0.6530052284296188,0.856695567195183,0.8481851482280979,0.7842983472035956
google_gemini-2.5pro,0.6066217268464583,0.46455435541079,0.5805458926776838,0.7892081424317978,0.6725181508464394
meta-llama_Llama-3.1-8B-Instruct,0.48596008551125175,0.33514325137582124,0.4807204769684985,0.7763639850610936,0.5595579955239642
meta-llama_Llama-4-Scout-17B-16E-Instruct,0.7796032620848294,0.6908934861665913,0.8188009710417612,0.8516423823656859,0.8236625995745676
