persona_id,mean_tsne_x,mean_tsne_y,mean_umap_x,mean_umap_y
gemini_baseline,-5.349862111466272,-7.326727247929999,-1.0269966147440885,15.313428401947021
human_expert,1.3646230309333172,2.7289104383507388,-1.1552077445481543,11.895337151603465
